{"cameraMode":{"drawMode":0,"name":"Shaded","section":"Shading Mode"},"sceneLighting":false,"audioPlay":false,"sceneViewState":{"m_AlwaysRefresh":false,"showFog":true,"showSkybox":false,"showFlares":true,"showImageEffects":true,"showParticleSystems":true,"showVisualEffectGraphs":true,"m_FxEnabled":true},"in2DMode":false,"pivot":{"x":-5.403205394744873,"y":0.4057159423828125,"z":-0.9311323165893555},"rotation":{"x":0.11425381898880005,"y":0.14843334257602693,"z":-0.017267247661948205,"w":0.9821534156799316},"size":15.099159240722657,"orthographic":false}