{"cameraMode":{"drawMode":0,"name":"Shaded","section":"Shading Mode"},"sceneLighting":false,"audioPlay":false,"sceneViewState":{"m_AlwaysRefresh":false,"showFog":true,"showSkybox":false,"showFlares":true,"showImageEffects":true,"showParticleSystems":true,"showVisualEffectGraphs":true,"m_FxEnabled":true},"in2DMode":false,"pivot":{"x":4.019999980926514,"y":0.3011894226074219,"z":-4.190000057220459},"rotation":{"x":0.021270083263516427,"y":0.9781904816627502,"z":-0.12869137525558473,"w":0.16167709231376649},"size":0.8660253882408142,"orthographic":false}