{"cameraMode":{"drawMode":0,"name":"Shaded","section":"Shading Mode"},"sceneLighting":true,"audioPlay":false,"sceneViewState":{"m_AlwaysRefresh":false,"showFog":true,"showSkybox":true,"showFlares":true,"showImageEffects":true,"showParticleSystems":true,"showVisualEffectGraphs":true,"m_FxEnabled":true},"in2DMode":false,"pivot":{"x":-2.611510753631592,"y":-26.833120346069337,"z":23.373138427734376},"rotation":{"x":-0.38046830892562868,"y":0.007492796517908573,"z":-0.0030735887121409179,"w":-0.9247750043869019},"size":30.73884391784668,"orthographic":false}