{"cameraMode":{"drawMode":0,"name":"Shaded","section":"Shading Mode"},"sceneLighting":false,"audioPlay":false,"sceneViewState":{"m_AlwaysRefresh":false,"showFog":true,"showSkybox":false,"showFlares":true,"showImageEffects":true,"showParticleSystems":true,"showVisualEffectGraphs":true,"m_FxEnabled":true},"in2DMode":false,"pivot":{"x":-3.1333136558532717,"y":0.38083457946777346,"z":-4.056919097900391},"rotation":{"x":-0.04841068759560585,"y":0.6629413962364197,"z":-0.04302169755101204,"w":-0.7458757758140564},"size":1.2292648553848267,"orthographic":false}